DESIGN,CELL,LOGIC-TYPE,PATH-OCURENCE,PATHS-OCURENCE,FA-IN,FA-OUT,LOGIC-LEVEL,DEEP,LOADED-CELLS,DIF-ARRIVAL,CELL-AREA,COST-AREA,POWER
b05_C,_274_,INV,0,3,1,2,1,4,26,5.8813559322079545e-05,0.798,0.26600000000001955,0.000239
b05_C,_275_,NAND2,0,3,2,10,2,3,22,0.0006622033898305846,1.33,0.5319999999999823,0.000239
b05_C,_276_,BUF,0,2,1,10,3,2,10,0.0006222033898305446,1.064,0.26600000000001955,0.000239
b05_C,_277_,INV,0,1,1,0,4,1,0,-8.677966101694468e-05,0.798,0.26600000000001955,0.000239
b05_C,_278_,INV,0,0,1,4,1,10,39,0.0,0.798,0.26600000000001955,0.000239
b05_C,_279_,NOR2,0,7,2,2,1,10,36,0.0011615254237288264,1.33,0.5319999999999823,0.000239
b05_C,_280_,NOR2,0,7,2,4,2,9,33,-0.0005972881355932325,1.33,0.5319999999999823,0.000239
b05_C,_281_,NOR3,0,1,3,0,3,1,0,-0.0006898305084745981,1.862,0.7980000000000018,0.000239
b05_C,_282_,NAND2,0,0,2,3,1,4,11,-1.2711864406822482e-05,1.33,0.5319999999999823,0.000239
b05_C,_283_,INV,0,0,1,7,1,14,137,0.0,0.798,0.26600000000001955,0.000239
b05_C,_284_,BUF,1,26,1,10,1,15,145,0.0011428813559322681,1.064,0.26600000000001955,0.000239
b05_C,_285_,BUF,0,7,1,10,1,15,144,0.0011489830508474852,1.064,0.26600000000001955,0.000239
b05_C,_286_,NAND4,0,9,4,5,2,14,84,0.00015050847457631633,2.394,1.0640000000000214,0.000239
b05_C,_287_,NOR2,0,2,2,2,3,13,69,-0.0008508474576271463,1.33,0.5319999999999823,0.000239
b05_C,_288_,NAND2,0,2,2,4,4,4,6,-6.627118644075836e-05,1.33,0.5319999999999823,0.000239
b05_C,_289_,INV,0,0,1,1,1,2,1,0.0,0.798,0.26600000000001955,0.000239
b05_C,_290_,OAI21,0,1,3,0,5,1,0,-8.593220338987129e-05,1.862,0.7980000000000018,0.000239
b05_C,_291_,INV,0,0,1,2,1,4,15,0.0,0.798,0.26600000000001955,0.000239
b05_C,_292_,NAND2,0,0,2,3,2,3,13,-1.2711864406822482e-05,1.33,0.5319999999999823,0.000239
b05_C,_293_,INV,0,1,1,10,1,5,41,0.00042186440677965953,0.798,0.26600000000001955,0.000239
b05_C,_294_,NAND3,0,1,3,5,2,4,21,0.00015525423728812715,1.862,0.7980000000000018,0.000239
b05_C,_295_,OAI21,0,7,3,3,3,4,12,0.00017305084745766752,1.862,0.7980000000000018,0.000239
b05_C,_296_,AND2,0,5,2,5,4,3,8,0.000514576271186451,1.33,0.2659999999999627,0.000239
b05_C,_297_,NAND2,0,1,2,0,5,1,0,-0.00042338983050843604,1.33,0.5319999999999823,0.000239
b05_C,_298_,AOI21,0,0,3,1,5,2,1,-0.00015169491525424128,1.862,0.7980000000000018,0.000239
b05_C,_299_,OAI211,0,1,4,1,4,2,1,-0.001107288135593243,2.394,1.0640000000000214,0.000239
b05_C,_300_,OR2,0,1,2,0,6,1,0,1.40677966101177e-05,1.33,0.2659999999999627,0.000239
b05_C,_301_,NOR2,0,1,2,0,1,1,0,-2.169491525422229e-05,1.33,0.5319999999999823,0.000239
b05_C,_302_,INV,0,2,1,5,1,12,60,0.0002583050847457802,0.798,0.26600000000001955,0.000239
b05_C,_303_,AOI21,0,1,3,0,2,1,0,-0.00017338983050846357,1.862,0.7980000000000018,0.000239
b05_C,_304_,INV,0,0,1,1,1,12,51,0.0,0.798,0.26600000000001955,0.000239
b05_C,_305_,OAI21,0,12,3,3,1,14,63,0.003107288135593189,1.862,0.7980000000000018,0.000239
b05_C,_306_,NAND2,0,0,2,1,1,14,59,-3.49152542372666e-05,1.33,0.5319999999999823,0.000239
b05_C,_307_,AND2,0,11,2,2,2,13,58,0.00027169491525419476,1.33,0.2659999999999627,0.000239
b05_C,_308_,NAND2,0,10,2,1,3,11,50,-0.0006679661016949501,1.33,0.5319999999999823,0.000239
b05_C,_309_,OAI21,0,10,3,8,4,10,49,0.0003620338983050808,1.862,0.7980000000000018,0.000239
b05_C,_310_,XNOR2,0,1,2,4,3,12,54,-0.0011542372881355734,2.66,1.0640000000000214,0.000239
b05_C,_311_,INV,0,0,1,1,1,11,49,0.0,0.798,0.26600000000001955,0.000239
b05_C,_312_,INV,0,0,1,1,4,11,49,-7.898305084746982e-05,0.798,0.26600000000001955,0.000239
b05_C,_313_,AOI21,0,0,3,2,2,12,52,-0.0021584745762712187,1.862,0.7980000000000018,0.000239
b05_C,_314_,XNOR2,0,1,2,3,2,12,51,-0.002811525423728811,2.66,1.0640000000000214,0.000239
b05_C,_315_,AOI211,0,1,4,2,3,11,50,-0.00031745762711860026,2.394,1.0640000000000214,0.000239
b05_C,_316_,OAI21,0,1,3,2,5,10,48,-0.0005727118644068274,1.862,0.7980000000000018,0.000239
b05_C,_317_,AND2,0,11,2,6,6,9,45,0.0020288135593219403,1.33,0.2659999999999627,0.000239
b05_C,_318_,OAI211,0,1,4,6,2,11,49,0.00020508474576275137,2.394,1.0640000000000214,0.000239
b05_C,_319_,AND4,0,0,4,2,2,11,43,-0.00013050847457624082,1.862,0.26600000000001955,0.000239
b05_C,_320_,AOI21,0,1,3,3,4,10,39,-0.00043661016949153586,1.862,0.7980000000000018,0.000239
b05_C,_321_,OAI22,0,0,4,1,5,9,27,-0.0015584745762712293,2.394,1.0640000000000214,0.00024
b05_C,_322_,NAND2,0,2,2,1,7,8,26,-0.0006864406779660825,1.33,0.5319999999999823,0.000239
b05_C,_323_,XNOR2,0,2,2,4,8,7,25,-0.0003362711864406953,2.66,1.0640000000000214,0.00024
b05_C,_324_,AND2,0,2,2,4,9,6,21,-0.0007271186440678257,1.33,0.2659999999999627,0.00024
b05_C,_325_,INV,0,0,1,1,5,5,13,-0.0016788135593220344,0.798,0.26600000000001955,0.000239
b05_C,_326_,INV,0,0,1,1,3,9,30,-0.0001083050847457967,0.798,0.26600000000001955,0.000239
b05_C,_327_,AOI21,0,0,3,3,3,9,38,-0.0001596610169490864,1.862,0.7980000000000018,0.000239
b05_C,_328_,OAI21,0,5,3,1,7,8,29,-0.000493389830508506,1.862,0.7980000000000018,0.000239
b05_C,_329_,XNOR2,0,5,2,4,8,7,28,-1.3559322033951382e-05,2.66,1.0640000000000214,0.00024
b05_C,_330_,NAND2,0,0,2,1,6,9,32,-0.0016272881355932078,1.33,0.5319999999999823,0.000239
b05_C,_331_,NOR3,0,0,3,1,7,8,31,-0.0001581355932203654,1.862,0.7980000000000018,0.000239
b05_C,_332_,NAND2,0,0,2,1,7,8,31,-0.0008783050847457896,1.33,0.5319999999999823,0.000239
b05_C,_333_,AOI21,0,0,3,3,8,7,30,-7.593220338980577e-05,1.862,0.7980000000000018,0.00024
b05_C,_334_,AND2,0,0,2,1,9,6,14,0.0,1.33,0.2659999999999627,0.000239
b05_C,_335_,AOI21,0,0,3,2,10,5,13,-0.0006405084745762513,1.862,0.7980000000000018,0.000241
b05_C,_336_,NOR2,0,0,2,3,11,4,12,6.101694915272571e-06,1.33,0.5319999999999823,0.00024
b05_C,_337_,AND2,0,5,2,2,9,6,21,-0.000591525423728867,1.33,0.2659999999999627,0.000239
b05_C,_338_,OR2,0,7,2,5,10,5,20,0.001231864406779637,1.33,0.2659999999999627,0.00024
b05_C,_339_,OR2,0,0,2,2,9,6,17,0.0,1.33,0.2659999999999627,0.000239
b05_C,_340_,OAI21,0,4,3,2,11,4,8,-0.0004454237288136209,1.862,0.7980000000000018,0.000241
b05_C,_341_,NOR2,0,4,2,3,12,3,6,0.00025949152542376064,1.33,0.5319999999999823,0.00024
b05_C,_342_,AOI211,0,2,4,2,13,2,2,-0.00038101694915254614,2.394,1.0640000000000214,0.000242
b05_C,_343_,AND2,0,0,2,6,9,5,16,-0.0007794915254237811,1.33,0.2659999999999627,0.000239
b05_C,_344_,NOR2,0,0,2,1,11,4,3,-0.0003906779661017601,1.33,0.5319999999999823,0.00024
b05_C,_345_,OAI21,0,0,3,1,12,3,2,-3.118644067789944e-05,1.862,0.7980000000000018,0.00024
b05_C,_346_,INV,0,0,1,1,13,2,1,0.0,0.798,0.26600000000001955,0.000239
b05_C,_347_,AOI21,0,1,3,0,14,1,0,-0.00041338983050848155,1.862,0.7980000000000018,0.00024
b05_C,_348_,NOR2,0,1,2,1,13,2,1,-0.0005584745762711729,1.33,0.5319999999999823,0.00024
b05_C,_349_,INV,0,1,1,1,11,4,4,-0.0003464406779660756,0.798,0.26600000000001955,0.000239
b05_C,_350_,NAND2,0,0,2,3,10,5,10,-0.0015725423728814025,1.33,0.5319999999999823,0.000239
b05_C,_351_,OAI21,0,1,3,2,12,3,3,-3.338983050843458e-05,1.862,0.7980000000000018,0.00024
b05_C,_352_,AOI21,0,1,3,0,14,1,0,-0.00020372881355928962,1.862,0.7980000000000018,0.00024
b05_C,_353_,AND2,0,0,2,2,10,3,4,-2.7118644067569697e-06,1.33,0.2659999999999627,0.000239
b05_C,_354_,NOR2,0,1,2,1,11,2,1,-0.000300000000000078,1.33,0.5319999999999823,0.00024
b05_C,_355_,AOI21,0,1,3,0,12,1,0,-0.00027033898305084403,1.862,0.7980000000000018,0.00024
b05_C,_356_,NOR2,0,1,2,0,13,1,0,-0.0005306779661017336,1.33,0.5319999999999823,0.000239
b05_C,_357_,OR2,0,1,2,1,13,2,1,5.101694915249366e-05,1.33,0.2659999999999627,0.00024
b05_C,_358_,AOI21,0,1,3,0,14,1,0,-0.0005376271186440795,1.862,0.7980000000000018,0.00024
b05_C,_359_,NAND2,0,0,2,1,9,3,3,-0.0022711864406779747,1.33,0.5319999999999823,0.00024
b05_C,_360_,NAND2,0,0,2,2,11,2,2,-1.0169491526101915e-06,1.33,0.5319999999999823,0.000239
b05_C,_361_,AOI21,0,1,3,0,14,1,0,-0.0005608474576271338,1.862,0.7980000000000018,0.00024
b05_C,_362_,INV,0,0,1,1,12,3,2,-2.0677966101723122e-05,0.798,0.26600000000001955,0.000239
b05_C,_363_,NAND2,0,0,2,1,10,4,3,-0.0005808474576270983,1.33,0.5319999999999823,0.000239
b05_C,_364_,AOI21,0,0,3,1,11,4,3,-5.254237288088159e-06,1.862,0.7980000000000018,0.000239
b05_C,_365_,OAI21,0,1,3,1,12,3,2,-0.0003947457627118678,1.862,0.7980000000000018,0.00024
b05_C,_366_,AOI21,0,1,3,1,13,2,1,-0.00029440677966097173,1.862,0.7980000000000018,0.000241
b05_C,_367_,AOI211,0,1,4,0,14,1,0,-0.0005869491525423709,2.394,1.0639999999999645,0.00024
b05_C,_368_,INV,0,0,1,2,1,3,3,-1.254237288134119e-05,0.798,0.2659999999999627,0.000239
b05_C,_369_,MUX2,0,0,3,7,2,6,21,-0.0006245762711863945,2.394,0.5319999999999823,0.000239
b05_C,_370_,INV,0,0,1,3,1,7,26,0.0,0.798,0.2659999999999627,0.000239
b05_C,_371_,INV,0,0,1,3,1,8,32,0.0,0.798,0.2659999999999627,0.000239
b05_C,_372_,NOR2,0,7,2,3,3,8,31,0.0013489830508474632,1.33,0.5319999999999823,0.000239
b05_C,_373_,XNOR2,0,7,2,4,4,7,26,-0.00019864406779662724,2.66,1.0639999999999645,0.000239
b05_C,_374_,NOR2,0,4,2,4,5,6,19,0.0001649152542372856,1.33,0.5319999999999823,0.000239
b05_C,_375_,NOR2,0,2,2,2,6,5,9,-0.00025949152542370513,1.33,0.5319999999999823,0.000239
b05_C,_376_,XNOR2,0,0,2,2,4,4,4,-0.0016332203389830546,2.66,1.0639999999999645,0.000239
b05_C,_377_,OAI21,0,0,3,1,4,6,21,-0.0011350847457626267,1.862,0.7980000000000018,0.000239
b05_C,_378_,INV,0,0,1,3,1,7,27,-9.627118644067734e-05,0.798,0.2659999999999627,0.000239
b05_C,_379_,NAND2,0,0,2,2,2,6,24,0.0,1.33,0.5319999999999823,0.000239
b05_C,_380_,INV,0,0,1,3,1,6,23,0.0,0.798,0.2659999999999627,0.000239
b05_C,_381_,OAI21,0,0,3,4,5,5,20,5.372881355930614e-05,1.862,0.7980000000000018,0.000239
b05_C,_382_,NOR2,0,0,2,3,6,4,8,-2.966101694912293e-05,1.33,0.5319999999999823,0.000239
b05_C,_383_,MUX2,0,1,3,1,7,3,2,-5.440677966095375e-05,2.394,0.5319999999999823,0.000239
b05_C,_384_,INV,0,0,1,2,3,4,7,-6.610169491549911e-06,0.798,0.2659999999999627,0.000239
b05_C,_385_,NAND2,0,1,2,2,7,4,7,-0.00018779661016948834,1.33,0.5319999999999823,0.000239
b05_C,_386_,NAND2,0,1,2,2,8,3,4,-5.423728813569451e-06,1.33,0.5319999999999823,0.000239
b05_C,_387_,NOR3,0,1,3,1,9,2,1,-7.186440677969808e-05,1.862,0.7980000000000018,0.000239
b05_C,_388_,NOR2,0,1,2,0,10,1,0,-0.0002723728813558979,1.33,0.5319999999999823,0.000239
b05_C,_389_,NAND2,0,3,2,2,5,5,14,-0.00043254237288131714,1.33,0.5319999999999823,0.000239
b05_C,_390_,NAND2,0,2,2,2,6,4,5,-0.00014135593220337972,1.33,0.5319999999999823,0.000239
b05_C,_391_,NOR3,0,2,3,2,7,3,3,-0.0002805084745762243,1.862,0.7980000000000018,0.000239
b05_C,_392_,OAI21,0,0,3,2,5,3,4,-0.0006283050847457616,1.862,0.7980000000000018,0.000239
b05_C,_393_,AOI211,0,1,4,1,8,2,1,-0.00045016949152543173,2.394,1.0639999999999645,0.00024
b05_C,_394_,NOR2,0,1,2,0,9,1,0,-0.000321525423728819,1.33,0.5319999999999823,0.000239
b05_C,_395_,NOR3,0,2,3,2,6,3,3,-6.033898305080054e-05,1.862,0.7980000000000018,0.000239
b05_C,_396_,AOI21,0,1,3,0,7,1,0,-0.0006738983050847969,1.862,0.7980000000000018,0.000239
b05_C,_397_,NOR2,0,1,2,0,8,1,0,-0.0005545762711864355,1.33,0.5319999999999823,0.000239
b05_C,_398_,AOI21,0,1,3,1,7,2,1,-0.00046271186440682843,1.862,0.7980000000000018,0.000239
b05_C,_399_,AOI21,0,1,3,0,8,1,0,-0.00038949152542377963,1.862,0.7980000000000018,0.000239
b05_C,_400_,NOR2,0,1,2,3,6,4,7,-0.00011610169491521605,1.33,0.5319999999999823,0.000239
b05_C,_401_,NOR2,0,1,2,1,9,2,1,-0.00022711864406776971,1.33,0.5319999999999823,0.000239
b05_C,_402_,NOR2,0,1,2,0,10,1,0,-0.0001315254237287955,1.33,0.5319999999999823,0.000239
b05_C,_403_,OAI21,0,0,3,1,7,3,2,-0.0005547457627118613,1.862,0.7980000000000018,0.000239
b05_C,_404_,OAI211,0,0,4,1,8,2,1,-0.0006722033898304836,2.394,1.0639999999999645,0.00024
b05_C,_405_,AOI21,0,0,3,1,3,4,3,0.0,1.862,0.7980000000000018,0.000239
b05_C,_406_,NOR3,0,1,3,1,7,3,2,-0.0005808474576270983,1.862,0.7980000000000018,0.000239
b05_C,_407_,AOI211,0,1,4,1,8,2,1,-0.0005535593220338808,2.394,1.0639999999999645,0.000239
b05_C,_408_,AND2,0,1,2,0,9,1,0,-7.186440677969808e-05,1.33,0.26600000000001955,0.000239
b05_C,_409_,AOI21,0,1,3,0,3,1,0,-0.00013525423728810715,1.862,0.7980000000000018,0.000239
b05_C,_410_,AOI21,0,2,3,1,7,1,1,-0.0009628813559322547,1.862,0.7980000000000018,0.000239
b05_C,_411_,NOR2,0,1,2,0,5,1,0,-0.00015169491525418577,1.33,0.5319999999999823,0.000239
b05_C,_412_,INV,0,1,1,0,4,1,0,-8.677966101694468e-05,0.798,0.2659999999999627,0.000239
b05_C,_413_,NAND2,0,0,2,2,4,2,2,-0.00028745762711862577,1.33,0.5319999999999823,0.000239
b05_C,_414_,AND2,0,1,2,0,8,1,0,-3.7796610169560374e-05,1.33,0.26600000000001955,0.000239
b05_C,_415_,NOR2,0,1,2,0,7,1,0,-0.0009666101694915663,1.33,0.5319999999999823,0.000239
b05_C,_416_,AOI21,0,1,3,0,7,1,0,-0.0009306779661018005,1.862,0.7980000000000018,0.000239
b05_C,_417_,INV,0,0,1,6,1,14,113,-0.0006099999999999439,0.798,0.2659999999999627,0.000239
b05_C,_418_,BUF,0,0,1,10,1,15,128,0.0,1.064,0.2659999999999627,0.000239
b05_C,_419_,INV,0,0,1,2,1,14,109,0.0,0.798,0.2659999999999627,0.000239
b05_C,_420_,NOR2,0,2,2,6,2,14,101,-0.0012010169491525335,1.33,0.5319999999999823,0.000239
b05_C,_421_,NAND4,0,2,4,1,3,13,73,-0.00013423728813560798,2.394,1.0639999999999645,0.000239
b05_C,_422_,BUF,0,0,1,10,1,14,119,8.135593220270909e-06,1.064,0.2659999999999627,0.000239
b05_C,_423_,NAND3,0,0,3,2,2,13,74,-6.10169491521706e-06,1.862,0.7980000000000018,0.000239
b05_C,_424_,INV,0,0,1,5,1,14,119,-0.0002330508474576165,0.798,0.2659999999999627,0.000239
b05_C,_425_,NAND2,0,0,2,1,2,13,73,5.08474576221829e-07,1.33,0.5319999999999823,0.000239
b05_C,_426_,OAI21,0,2,3,3,4,12,72,-6.779661017031202e-07,1.862,0.7980000000000018,0.000239
b05_C,_427_,OR2,0,4,2,2,2,14,89,1.084745762708339e-05,1.33,0.26600000000001955,0.000239
b05_C,_428_,NOR4,0,4,4,3,3,13,86,0.0010152542372881546,2.394,1.0639999999999645,0.000239
b05_C,_429_,INV,0,0,1,5,1,14,118,0.0,0.798,0.2659999999999627,0.000239
b05_C,_430_,NOR2,0,0,2,3,2,13,100,0.0,1.33,0.5319999999999823,0.000239
b05_C,_431_,NOR3,1,16,3,5,2,13,105,-3.542372881359945e-05,1.862,0.7980000000000018,0.000239
b05_C,_432_,NAND2,0,0,2,2,3,12,71,-0.0011110169491525546,1.33,0.5319999999999823,0.000239
b05_C,_433_,NAND3,0,0,3,4,3,12,86,3.389830508515601e-07,1.862,0.7980000000000018,0.000239
b05_C,_434_,NAND2,0,0,2,1,4,11,48,-3.3898305079604896e-07,1.33,0.5319999999999823,0.000239
b05_C,_435_,NOR3,0,3,3,5,5,10,47,0.0004610169491525151,1.862,0.7980000000000018,0.000239
b05_C,_436_,INV,0,1,1,2,6,8,34,-0.0003927118644067584,0.798,0.2659999999999627,0.000239
b05_C,_437_,NOR2,0,0,2,5,2,13,93,0.0,1.33,0.5319999999999823,0.000239
b05_C,_438_,NOR3,0,0,3,1,2,13,74,0.0,1.862,0.7980000000000018,0.000239
b05_C,_439_,NOR3,0,1,3,4,2,13,91,-0.002115084745762774,1.862,0.7980000000000018,0.000239
b05_C,_440_,OAI21,0,0,3,3,3,12,73,-7.23728813559199e-05,1.862,0.7980000000000018,0.000239
b05_C,_441_,NOR2,0,0,2,2,2,13,82,-0.0022203389830508513,1.33,0.5319999999999823,0.000239
b05_C,_442_,NOR2,0,1,2,4,2,13,90,-0.0010274576271186442,1.33,0.5319999999999823,0.000239
b05_C,_443_,OAI211,0,1,4,3,3,12,73,7.79661016947486e-06,2.394,1.0639999999999645,0.000239
b05_C,_444_,NOR3,0,0,3,2,2,13,89,-1.694915254812912e-07,1.862,0.7980000000000018,0.000239
b05_C,_445_,OAI21,0,0,3,3,3,12,73,-0.0009230508474576404,1.862,0.7980000000000018,0.000239
b05_C,_446_,NAND2,0,0,2,2,1,14,100,-0.0005728813559321422,1.33,0.5319999999999823,0.000239
b05_C,_447_,NOR2,0,0,2,4,2,13,96,0.0,1.33,0.5319999999999823,0.000239
b05_C,_448_,OAI21,1,16,3,3,3,12,69,0.0007137288135593556,1.862,0.7980000000000018,0.000239
b05_C,_449_,NAND4,0,0,4,1,4,8,34,-0.003976779661016949,2.394,1.0639999999999645,0.000239
b05_C,_450_,NOR3,0,0,3,3,2,13,77,-0.002259491525423707,1.862,0.7980000000000018,0.000239
b05_C,_451_,AOI211,0,1,4,7,7,7,33,0.0006135593220339408,2.394,1.0639999999999645,0.000239
b05_C,_452_,AND2,0,0,2,1,8,6,23,-9.661016949158441e-05,1.33,0.26600000000001955,0.000239
b05_C,_453_,INV,0,0,1,1,1,7,25,0.0,0.798,0.2659999999999627,0.000239
b05_C,_454_,AOI22,0,0,4,1,3,12,52,-0.00031830508474578467,2.394,1.0639999999999645,0.000239
b05_C,_455_,NAND4,0,1,4,4,4,11,51,-0.002134576271186406,2.394,1.0639999999999645,0.000239
b05_C,_456_,NAND3,0,0,3,2,2,14,77,-0.0019427118644068098,1.862,0.7980000000000018,0.000239
b05_C,_457_,OR2,0,0,2,2,3,12,59,-0.0001406779661017321,1.33,0.26600000000001955,0.000239
b05_C,_458_,NAND2,0,0,2,4,3,12,77,0.0,1.33,0.5319999999999823,0.000239
b05_C,_459_,NAND3,0,1,3,2,6,9,35,-0.00029508474576278587,1.862,0.7980000000000018,0.000239
b05_C,_460_,NOR2,0,1,2,6,7,8,34,0.00020830508474578568,1.33,0.5319999999999823,0.000239
b05_C,_461_,NOR2,0,0,2,1,8,7,25,-0.00014762711864407807,1.33,0.5319999999999823,0.000239
b05_C,_462_,NAND4,0,0,4,2,4,11,51,-0.0006377966101694943,2.394,1.0639999999999645,0.000239
b05_C,_463_,NOR3,0,0,3,1,2,13,52,-0.001565254237288094,1.862,0.7980000000000018,0.000239
b05_C,_464_,AOI21,0,0,3,1,3,12,51,-0.00020576271186439898,1.862,0.7980000000000018,0.000239
b05_C,_465_,NAND3,0,0,3,1,3,12,51,-0.0001598305084745677,1.862,0.7980000000000018,0.000239
b05_C,_466_,NAND4,0,0,4,2,4,11,50,-5.220338983047412e-05,2.394,1.0639999999999645,0.000239
b05_C,_467_,NAND2,0,0,2,2,2,13,64,-0.0015996610169491388,1.33,0.5319999999999823,0.000239
b05_C,_468_,NOR3,0,0,3,1,2,13,62,-5.762711864421011e-06,1.862,0.7980000000000018,0.000239
b05_C,_469_,OAI21,0,0,3,2,3,12,61,9.66101694910293e-06,1.862,0.7980000000000018,0.000239
b05_C,_470_,NOR2,0,3,2,2,4,12,61,-0.000999152542372872,1.33,0.5319999999999823,0.000239
b05_C,_471_,NAND2,0,2,2,2,5,11,48,-0.00021508474576276138,1.33,0.5319999999999823,0.000239
b05_C,_472_,NAND2,0,0,2,1,3,11,41,0.0,1.33,0.5319999999999823,0.000239
b05_C,_473_,NAND2,0,0,2,1,4,10,40,-3.3898305079604896e-07,1.33,0.5319999999999823,0.000239
b05_C,_474_,NOR4,0,1,4,8,6,9,39,0.0007932203389830472,2.394,1.0639999999999645,0.000239
b05_C,_475_,NOR2,0,0,2,1,7,7,25,-0.0004486440677966552,1.33,0.5319999999999823,0.000239
b05_C,_476_,OAI211,1,16,4,2,4,11,52,-0.003391355932203355,2.394,1.0639999999999645,0.000239
b05_C,_477_,NOR2,0,1,2,6,6,10,41,-0.0016801694915254406,1.33,0.5319999999999823,0.000239
b05_C,_478_,OR2,0,0,2,3,7,8,30,-1.8813559322095053e-05,1.33,0.26600000000001955,0.000239
b05_C,_479_,NOR3,0,0,3,1,3,13,57,0.0,1.862,0.7980000000000018,0.000239
b05_C,_480_,AOI221,0,1,5,2,4,12,56,-0.00011372881355931064,2.926,1.329999999999984,0.000239
b05_C,_481_,AOI22,0,0,4,1,3,12,43,-0.0008815254237288239,2.394,1.0639999999999645,0.000239
b05_C,_482_,NAND2,0,1,2,1,5,11,42,-0.0001440677966101922,1.33,0.5319999999999823,0.000239
b05_C,_483_,NOR2,0,1,2,7,6,10,41,0.0004254237288135454,1.33,0.5319999999999823,0.000239
b05_C,_484_,AOI22,0,0,4,1,7,9,29,-0.0001632203389830278,2.394,1.0639999999999645,0.00024
b05_C,_485_,NOR4,1,16,4,8,5,10,43,0.016735762711864388,2.394,1.0639999999999645,0.000239
b05_C,_486_,OAI22,1,15,4,1,7,9,29,-0.004414915254237262,2.394,1.0639999999999645,0.00024
b05_C,_487_,INV,0,0,1,2,1,11,36,0.0,0.798,0.2659999999999627,0.000239
b05_C,_488_,NOR2,0,0,2,1,3,12,48,0.0,1.33,0.5319999999999823,0.000239
b05_C,_489_,OR2,0,0,2,3,5,11,47,-5.694915254234045e-05,1.33,0.26600000000001955,0.000239
b05_C,_490_,NOR2,0,0,2,1,3,13,49,-0.001241864406779647,1.33,0.5319999999999823,0.000239
b05_C,_491_,AOI21,0,0,3,1,4,12,48,-0.0008869491525423934,1.862,0.7980000000000018,0.000239
b05_C,_492_,NAND4,0,1,4,3,5,11,47,-0.0006133898305084595,2.394,1.0639999999999645,0.000239
b05_C,_493_,NAND3,0,0,3,2,4,11,45,-0.002965254237288162,1.862,0.7980000000000018,0.000239
b05_C,_494_,INV,0,0,1,1,1,11,34,0.0,0.798,0.2659999999999627,0.000239
b05_C,_496_,OAI21,0,0,3,2,6,10,32,-9.542372881360395e-05,1.862,0.7980000000000018,0.000239
b05_C,_497_,AOI22,0,0,4,1,7,9,29,-0.00545440677966097,2.394,1.0639999999999645,0.00024
b05_C,_498_,OAI21,1,15,3,2,8,8,28,4.305084745759302e-05,1.862,0.797999999999945,0.00024
b05_C,_499_,AOI22,1,15,4,1,9,7,25,-0.0027169491525423917,2.394,1.0639999999999645,0.00024
b05_C,_501_,OR2,0,0,2,1,8,6,23,-9.677966101695468e-05,1.33,0.2659999999999627,0.000239
b05_C,_502_,AOI21,1,15,3,1,11,5,22,-0.001686440677966139,1.862,0.7980000000000018,0.00024
b05_C,_503_,XOR2,0,0,2,1,6,5,22,-0.000624915254237246,2.394,0.7980000000000018,0.000239
b05_C,_504_,XNOR2,1,15,2,3,12,4,21,0.0006079661016948901,2.66,1.0639999999999645,0.000241
b05_C,_505_,AND2,0,0,2,1,9,6,14,-0.0011950847457627978,1.33,0.26600000000001955,0.000239
b05_C,_506_,NAND2,0,0,2,2,7,8,16,-0.0004737288135593931,1.33,0.5319999999999823,0.000239
b05_C,_507_,AOI21,0,0,3,1,7,8,16,-0.004523728813559336,1.862,0.7980000000000018,0.00024
b05_C,_508_,OAI211,0,0,4,1,8,7,15,-0.004984067796610203,2.394,1.0639999999999645,0.00024
b05_C,_509_,NOR2,0,1,2,4,5,10,25,0.00019084745762709687,1.33,0.5319999999999823,0.000239
b05_C,_510_,NOR2,0,0,2,1,6,7,15,-0.00014966101694918743,1.33,0.5319999999999823,0.000239
b05_C,_511_,XNOR2,0,0,2,1,7,7,15,-0.00019694915254236944,2.66,1.0639999999999645,0.00024
b05_C,_512_,OAI211,0,0,4,1,8,7,15,-0.00043254237288131714,2.394,1.0639999999999645,0.00024
b05_C,_513_,OR4,0,0,4,1,9,6,14,0.0,1.862,0.2659999999999627,0.000239
b05_C,_514_,XNOR2,0,0,2,1,8,6,14,-0.00019694915254236944,2.66,1.0639999999999645,0.00024
b05_C,_515_,AOI211,0,0,4,1,10,5,13,0.0,2.394,1.0639999999999645,0.00024
b05_C,_516_,XOR2,0,0,2,1,8,5,13,-0.0002613559322033887,2.394,0.7980000000000018,0.00024
b05_C,_517_,OAI21,0,0,3,1,11,4,12,-0.003950677966101768,1.862,0.7980000000000018,0.000239
b05_C,_518_,NAND3,1,10,3,2,13,3,11,-0.0011733898305084645,1.862,0.7980000000000018,0.00024
b05_C,_519_,OAI21,0,0,3,2,13,3,7,-0.0019579661016949634,1.862,0.7980000000000018,0.00024
b05_C,_520_,INV,0,0,1,3,1,4,10,0.0,0.798,0.26600000000001955,0.000239
b05_C,_521_,OAI22,0,1,4,0,14,1,0,-0.0012311864406779338,2.394,1.0640000000000214,0.00024
b05_C,_522_,NOR3,0,0,3,2,1,4,4,-1.1186440677990461e-05,1.862,0.7980000000000018,0.000239
b05_C,_523_,OAI21,0,1,3,0,3,1,0,-6.033898305080054e-05,1.862,0.7980000000000018,0.000239
b05_C,_524_,OAI21,0,1,3,1,5,3,2,-0.0003006779661017256,1.862,0.7980000000000018,0.000239
b05_C,_525_,OAI21,0,1,3,1,6,2,1,-0.00017440677966101825,1.862,0.7980000000000018,0.000239
b05_C,_526_,NAND2,0,1,2,0,7,1,0,-0.00015423728813562798,1.33,0.5319999999999823,0.000239
b05_C,_527_,MUX2,0,1,3,0,5,1,0,-0.0001291525423728901,2.394,0.5319999999999823,0.000239
b05_C,_528_,XOR2,0,0,2,1,2,3,2,-0.0019752542372881154,2.394,0.7980000000000018,0.000239
b05_C,_529_,AOI22,0,1,4,1,5,2,1,-0.0015344067796609906,2.394,1.0640000000000214,0.000239
b05_C,_530_,INV,0,1,1,0,6,1,0,-3.6610169491579914e-05,0.798,0.26600000000001955,0.000239
b05_C,_531_,AOI21,0,0,3,1,2,2,1,-0.0025622033898304863,1.862,0.7980000000000018,0.000239
b05_C,_532_,NAND3,0,0,3,2,2,3,3,-0.0024350847457627056,1.862,0.7980000000000018,0.000239
b05_C,_533_,AOI22,0,1,4,1,5,2,1,-0.00288813559322032,2.394,1.0640000000000214,0.000239
b05_C,_534_,NOR2,0,1,2,0,6,1,0,-3.08474576271589e-05,1.33,0.5319999999999823,0.000239
b05_C,_535_,AOI22,0,1,4,1,5,2,1,-0.0014974576271186146,2.394,1.0640000000000214,0.000239
b05_C,_536_,AOI21,0,1,3,0,6,1,0,-1.0847457627138901e-05,1.862,0.7980000000000018,0.000239
b05_C,_537_,NAND2,0,0,2,1,3,2,1,-0.00011050847457627633,1.33,0.5319999999999823,0.000239
b05_C,_538_,AOI22,0,1,4,0,4,1,0,-0.0021750847457626676,2.394,1.0640000000000214,0.000239
b05_C,_539_,OR3,0,5,3,5,13,3,6,0.0002322033898304876,1.596,0.26600000000001955,0.000239
b05_C,_540_,OR2,0,1,2,1,14,2,1,-8.40677966101877e-05,1.33,0.26600000000001955,0.000239
b05_C,_541_,NAND2,0,0,2,1,2,3,6,-1.2711864406822482e-05,1.33,0.5319999999999823,0.000239
b05_C,_542_,AND2,0,0,2,5,14,2,5,-1.2372881355970922e-05,1.33,0.26600000000001955,0.000239
b05_C,_543_,OAI21,0,1,3,0,15,1,0,-4.508474576264687e-05,1.862,0.7980000000000018,0.000239
b05_C,_544_,XNOR2,0,0,2,1,1,2,1,0.0,2.66,1.0639999999999645,0.000239
b05_C,_545_,OAI22,0,1,4,0,15,1,0,-0.0002513559322034342,2.394,1.0640000000000214,0.00024
b05_C,_546_,NAND2,0,0,2,1,1,3,2,0.0,1.33,0.5319999999999823,0.000239
b05_C,_547_,XNOR2,0,0,2,1,2,2,1,0.0,2.66,1.0639999999999645,0.000239
b05_C,_548_,OAI22,0,1,4,0,15,1,0,-0.0002513559322034342,2.394,1.0640000000000214,0.00024
b05_C,_549_,NAND3,0,0,3,2,1,4,5,-0.00012152542372884101,1.862,0.7980000000000018,0.000239
b05_C,_550_,XNOR2,0,0,2,1,2,2,1,0.0,2.66,1.0640000000000214,0.000239
b05_C,_551_,OAI22,0,1,4,0,15,1,0,-0.0002513559322034342,2.394,1.0640000000000214,0.00024
b05_C,_552_,OR2,0,0,2,1,2,3,2,0.0,1.33,0.26600000000001955,0.000239
b05_C,_553_,XNOR2,0,0,2,1,3,2,1,0.0,2.66,1.0640000000000214,0.000239
b05_C,_554_,OAI22,0,1,4,0,15,1,0,-0.0002513559322034342,2.394,1.0640000000000214,0.000239
b05_C,_555_,CLKBUF,0,0,1,10,2,3,10,-3.610169491524706e-05,1.064,0.26600000000001955,0.000239
b05_C,_556_,NAND2,0,0,2,1,3,2,1,0.0,1.33,0.5319999999999823,0.000239
b05_C,_557_,OAI21,0,1,3,0,6,1,0,-0.0004062711864407098,1.862,0.7980000000000018,0.000239
b05_C,_558_,NAND2,0,0,2,1,2,2,1,-8.389830508476193e-05,1.33,0.5319999999999823,0.000239
b05_C,_559_,OAI21,0,1,3,0,8,1,0,-0.0001249152542373011,1.862,0.7980000000000018,0.000239
b05_C,_560_,NAND2,0,0,2,1,2,2,1,-8.389830508476193e-05,1.33,0.5319999999999823,0.000239
b05_C,_561_,OAI21,0,1,3,0,8,1,0,-7.847457627113696e-05,1.862,0.7980000000000018,0.000239
b05_C,_562_,NAND2,0,0,2,1,2,2,1,-8.389830508476193e-05,1.33,0.5319999999999823,0.000239
b05_C,_563_,OAI21,0,1,3,0,7,1,0,-0.0003106779661017356,1.862,0.7980000000000018,0.00024
b05_C,_564_,NAND2,0,0,2,1,2,2,1,-8.389830508476193e-05,1.33,0.5319999999999823,0.000239
b05_C,_565_,OAI21,0,1,3,0,7,1,0,1.423728813554348e-05,1.862,0.7980000000000018,0.000239
b05_C,_566_,NAND2,0,0,2,1,2,2,1,-8.389830508476193e-05,1.33,0.5319999999999823,0.000239
b05_C,_567_,OAI21,0,1,3,0,7,1,0,-7.576271186449102e-05,1.862,0.7980000000000018,0.000239
b05_C,_568_,NAND2,0,0,2,1,2,2,1,-8.389830508476193e-05,1.33,0.5319999999999823,0.000239
b05_C,_569_,OAI21,0,1,3,0,6,1,0,-0.00431864406779664,1.862,0.7980000000000018,0.000239
b05_C,_570_,NAND2,0,0,2,1,2,2,1,-8.389830508476193e-05,1.33,0.5319999999999823,0.000239
b05_C,_571_,NOR2,0,1,2,4,6,10,20,1.4745762711876331e-05,1.33,0.5319999999999823,0.000239
b05_C,_572_,OAI21,0,1,3,0,7,1,0,9.83050847458422e-06,1.862,0.7980000000000018,0.000239
b05_C,_573_,NAND2,0,0,2,1,2,2,1,-8.389830508476193e-05,1.33,0.5319999999999823,0.000239
b05_C,_574_,OAI21,0,1,3,0,6,1,0,-8.711864406785175e-05,1.862,0.7980000000000018,0.000239
b05_C,_575_,NOR2,0,0,2,1,8,5,12,-0.00021796610169494413,1.33,0.5319999999999823,0.000239
b05_C,_576_,AOI22,0,0,4,1,7,7,14,-0.0005110169491525096,2.394,1.0640000000000214,0.00024
b05_C,_577_,OAI22,0,0,4,1,7,7,14,-0.00017847457627123697,2.394,1.0640000000000214,0.00024
b05_C,_578_,NOR2,0,0,2,1,6,9,16,-0.005172542372881339,1.33,0.5319999999999823,0.000239
b05_C,_579_,NAND2,0,0,2,1,7,9,16,-0.00019711864406785073,1.33,0.5319999999999823,0.000239
b05_C,_580_,OAI211,0,0,4,1,7,9,16,-0.0003511864406779974,2.394,1.0640000000000214,0.00024
b05_C,_581_,AOI21,0,0,3,1,8,8,15,0.0,1.862,0.7980000000000018,0.00024
b05_C,_582_,AOI221,0,0,5,1,9,7,14,-0.00517271186440682,2.926,1.329999999999984,0.00024
b05_C,_583_,OAI21,0,0,3,1,10,6,13,0.0,1.862,0.7980000000000018,0.00024
b05_C,_584_,OAI221,0,0,5,1,11,5,12,-0.0006247457627119313,2.926,1.330000000000041,0.000241
b05_C,_585_,AOI22,0,0,4,1,8,5,12,-0.0003520338983051263,2.394,1.0640000000000214,0.00024
b05_C,_586_,AOI21,0,0,3,1,12,4,11,0.0,1.862,0.7980000000000018,0.00024
b05_C,_587_,XNOR2,0,0,2,1,6,4,11,-0.0007694915254237156,2.66,1.0640000000000214,0.000239
b05_C,_588_,XNOR2,0,0,2,1,13,3,10,0.0,2.66,1.0640000000000214,0.000241
b05_C,_589_,OAI21,1,9,3,9,14,2,9,0.0059925423728813265,1.862,0.7980000000000018,0.00024
b05_C,_590_,MUX2,1,1,3,0,15,1,0,-0.0009150847457626843,2.394,0.5319999999999823,0.00024
b05_C,_591_,INV,0,0,1,1,8,2,1,-0.00019932203389833036,0.798,0.26600000000001955,0.000239
b05_C,_592_,MUX2,0,1,3,0,15,1,0,-0.00085610169491529,2.394,0.5319999999999823,0.00024
b05_C,_593_,INV,0,0,1,1,8,2,1,-0.0001349152542373111,0.798,0.26600000000001955,0.000239
b05_C,_594_,MUX2,0,1,3,0,15,1,0,-0.00085610169491529,2.394,0.5319999999999823,0.00024
b05_C,_595_,INV,0,0,1,1,7,2,1,-0.0004106779661017246,0.798,0.26600000000001955,0.00024
b05_C,_596_,MUX2,0,1,3,0,15,1,0,-0.00085610169491529,2.394,0.5319999999999823,0.00024
b05_C,_597_,INV,0,0,1,1,7,2,1,-3.7457627118708814e-05,0.798,0.26600000000001955,0.000239
b05_C,_598_,MUX2,0,1,3,0,15,1,0,-0.00085610169491529,2.394,0.5319999999999823,0.00024
b05_C,_599_,INV,0,0,1,1,7,2,1,-0.0001349152542373111,0.798,0.26600000000001955,0.000239
b05_C,_600_,MUX2,0,1,3,0,15,1,0,-0.00085610169491529,2.394,0.5319999999999823,0.00024
b05_C,_601_,INV,0,0,1,1,6,2,1,-0.004731016949152567,0.798,0.26600000000001955,0.000239
b05_C,_602_,MUX2,0,1,3,0,15,1,0,-0.00085610169491529,2.394,0.5319999999999823,0.00024
b05_C,_603_,INV,0,0,1,1,7,2,1,-4.305084745764853e-05,0.798,0.26600000000001955,0.000239
b05_C,_604_,MUX2,0,1,3,0,15,1,0,-0.0009240677966101951,2.394,0.5319999999999823,0.00024
b05_C,_605_,INV,0,0,1,1,6,2,1,-0.00013711864406784624,0.798,0.26600000000001955,0.000239
b05_C,_606_,MUX2,0,1,3,0,15,1,0,-0.00085610169491529,2.394,0.5319999999999823,0.00024
